Date,Visitor,Home,Time,Location,Week
9/4/2025,Dallas,@ Philadelphia,5:20 PM,"Lincoln Financial Field, Philadelphia, PA",1
9/5/2025,Kansas City,@ Los Angeles1,5:00 PM,"Corinthians Arena, Sao Paulo, Brazil",1
9/7/2025,Tampa Bay,@ Atlanta,10:00 AM,"Mercedes-Benz Stadium, Atlanta, GA",1
9/7/2025,Cincinnati,@ Cleveland,10:00 AM,"Huntington Bank Field, Cleveland, OH",1
9/7/2025,Miami,@ Indianapolis,10:00 AM,"Lucas Oil Stadium, Indianapolis, IN",1
9/7/2025,Las Vegas,@ New England,10:00 AM,"Gillette Stadium, Foxborough, MA",1
9/7/2025,Arizona,@ New Orleans,10:00 AM,"Caesars Superdome, New Orleans, LA",1
9/7/2025,Pittsburgh,@ New York2,10:00 AM,"MetLife Stadium, East Rutherford, NJ",1
9/7/2025,New York1,@ Washington,10:00 AM,"Northwest Stadium, Landover, MD",1
9/7/2025,Carolina,@ Jacksonville,10:00 AM,"EverBank Stadium, Jacksonville, FL",1
9/7/2025,Tennessee,@ Denver,1:05 PM,"Empower Field at Mile High, Denver, CO",1
9/7/2025,San Francisco,@ Seattle,1:05 PM,"Lumen Field, Seattle, WA",1
9/7/2025,Detroit,@ Green Bay,1:25 PM,"Lambeau Field, Green Bay, WI",1
9/7/2025,Houston,@ Los Angeles2,1:25 PM,"SoFi Stadium, Inglewood, CA",1
9/7/2025,Baltimore,@ Buffalo,5:20 PM,"Highmark Stadium, Orchard Park, NY",1
9/8/2025,Minnesota,@ Chicago,5:15 PM,"Soldier Field, Chicago, IL",1
9/11/2025,Washington,@ Green Bay,5:15 PM,"Lambeau Field, Green Bay, WI",2
9/14/2025,Jacksonville,@ Cincinnati,10:00 AM,"Paycor Stadium, Cincinnati, OH",2
9/14/2025,New York1,@ Dallas,10:00 AM,"AT&T Stadium, Arlington, TX",2
9/14/2025,Chicago,@ Detroit,10:00 AM,"Ford Field, Detroit, MI",2
9/14/2025,Los Angeles2,@ Tennessee,10:00 AM,"Nissan Stadium, Nashville, TN",2
9/14/2025,New England,@ Miami,10:00 AM,"Hard Rock Stadium, Miami Gardens, FL",2
9/14/2025,San Francisco,@ New Orleans,10:00 AM,"Caesars Superdome, New Orleans, LA",2
9/14/2025,Buffalo,@ New York2,10:00 AM,"MetLife Stadium, East Rutherford, NJ",2
9/14/2025,Seattle,@ Pittsburgh,10:00 AM,"Acrisure Stadium, Pittsburgh, PA",2
9/14/2025,Cleveland,@ Baltimore,10:00 AM,"M&T Bank Stadium, Baltimore, MD",2
9/14/2025,Denver,@ Indianapolis,1:05 PM,"Lucas Oil Stadium, Indianapolis, IN",2
9/14/2025,Carolina,@ Arizona,1:05 PM,"State Farm Stadium, Glendale, AZ",2
9/14/2025,Philadelphia,@ Kansas City,1:25 PM,"GEHA Field at Arrowhead Stadium, Kansas City, MO",2
9/14/2025,Atlanta,@ Minnesota,5:20 PM,"U.S. Bank Stadium, Minneapolis, MN",2
9/15/2025,Tampa Bay,@ Houston,4:00 PM,"NRG Stadium, Houston, TX",2
9/15/2025,Los Angeles1,@ Las Vegas,7:00 PM,"Allegiant Stadium, Las Vegas, NV",2
9/18/2025,Miami,@ Buffalo,5:15 PM,"Highmark Stadium, Orchard Park, NY",3
9/21/2025,Green Bay,@ Cleveland,10:00 AM,"Huntington Bank Field, Cleveland, OH",3
9/21/2025,Indianapolis,@ Tennessee,10:00 AM,"Nissan Stadium, Nashville, TN",3
9/21/2025,Cincinnati,@ Minnesota,10:00 AM,"U.S. Bank Stadium, Minneapolis, MN",3
9/21/2025,Pittsburgh,@ New England,10:00 AM,"Gillette Stadium, Foxborough, MA",3
9/21/2025,Los Angeles2,@ Philadelphia,10:00 AM,"Lincoln Financial Field, Philadelphia, PA",3
9/21/2025,New York2,@ Tampa Bay,10:00 AM,"Raymond James Stadium, Tampa, FL",3
9/21/2025,Las Vegas,@ Washington,10:00 AM,"Northwest Stadium, Landover, MD",3
9/21/2025,Atlanta,@ Carolina,10:00 AM,"Bank of America Stadium, Charlotte, NC",3
9/21/2025,Houston,@ Jacksonville,10:00 AM,"EverBank Stadium, Jacksonville, FL",3
9/21/2025,Denver,@ Los Angeles1,1:05 PM,"SoFi Stadium, Inglewood, CA",3
9/21/2025,New Orleans,@ Seattle,1:05 PM,"Lumen Field, Seattle, WA",3
9/21/2025,Dallas,@ Chicago,1:25 PM,"Soldier Field, Chicago, IL",3
9/21/2025,Arizona,@ San Francisco,1:25 PM,"Levi's Stadium, Santa Clara, CA",3
9/21/2025,Kansas City,@ New York1,5:20 PM,"MetLife Stadium, East Rutherford, NJ",3
9/22/2025,Detroit,@ Baltimore,5:15 PM,"M&T Bank Stadium, Baltimore, MD",3
9/25/2025,Seattle,@ Arizona,5:15 PM,"State Farm Stadium, Glendale, AZ",4
9/28/2025,Minnesota,@ Pittsburgh,6:30 AM,"Croke Park, Dublin, Ireland",4
9/28/2025,Washington,@ Atlanta,10:00 AM,"Mercedes-Benz Stadium, Atlanta, GA",4
9/28/2025,New Orleans,@ Buffalo,10:00 AM,"Highmark Stadium, Orchard Park, NY",4
9/28/2025,Cleveland,@ Detroit,10:00 AM,"Ford Field, Detroit, MI",4
9/28/2025,Carolina,@ New England,10:00 AM,"Gillette Stadium, Foxborough, MA",4
9/28/2025,Los Angeles1,@ New York1,10:00 AM,"MetLife Stadium, East Rutherford, NJ",4
9/28/2025,Philadelphia,@ Tampa Bay,10:00 AM,"Raymond James Stadium, Tampa, FL",4
9/28/2025,Tennessee,@ Houston,10:00 AM,"NRG Stadium, Houston, TX",4
9/28/2025,Indianapolis,@ Los Angeles2,1:05 PM,"SoFi Stadium, Inglewood, CA",4
9/28/2025,Jacksonville,@ San Francisco,1:05 PM,"Levi's Stadium, Santa Clara, CA",4
9/28/2025,Baltimore,@ Kansas City,1:25 PM,"GEHA Field at Arrowhead Stadium, Kansas City, MO",4
9/28/2025,Chicago,@ Las Vegas,1:25 PM,"Allegiant Stadium, Las Vegas, NV",4
9/28/2025,Green Bay,@ Dallas,5:20 PM,"AT&T Stadium, Arlington, TX",4
9/29/2025,New York2,@ Miami,4:15 PM,"Hard Rock Stadium, Miami Gardens, FL",4
9/29/2025,Cincinnati,@ Denver,5:15 PM,"Empower Field at Mile High, Denver, CO",4
10/2/2025,San Francisco,@ Los Angeles2,5:15 PM,"SoFi Stadium, Inglewood, CA",5
10/5/2025,Minnesota,@ Cleveland,6:30 AM,"Tottenham Hotspur Stadium, London, England",5
10/5/2025,Las Vegas,@ Indianapolis,10:00 AM,"Lucas Oil Stadium, Indianapolis, IN",5
10/5/2025,New York1,@ New Orleans,10:00 AM,"Caesars Superdome, New Orleans, LA",5
10/5/2025,Dallas,@ New York2,10:00 AM,"MetLife Stadium, East Rutherford, NJ",5
10/5/2025,Denver,@ Philadelphia,10:00 AM,"Lincoln Financial Field, Philadelphia, PA",5
10/5/2025,Miami,@ Carolina,10:00 AM,"Bank of America Stadium, Charlotte, NC",5
10/5/2025,Houston,@ Baltimore,10:00 AM,"M&T Bank Stadium, Baltimore, MD",5
10/5/2025,Tennessee,@ Arizona,1:05 PM,"State Farm Stadium, Glendale, AZ",5
10/5/2025,Tampa Bay,@ Seattle,1:05 PM,"Lumen Field, Seattle, WA",5
10/5/2025,Detroit,@ Cincinnati,1:25 PM,"Paycor Stadium, Cincinnati, OH",5
10/5/2025,Washington,@ Los Angeles1,1:25 PM,"SoFi Stadium, Inglewood, CA",5
10/5/2025,New England,@ Buffalo,5:20 PM,"Highmark Stadium, Orchard Park, NY",5
10/6/2025,Kansas City,@ Jacksonville,5:15 PM,"EverBank Stadium, Jacksonville, FL",5
10/9/2025,Philadelphia,@ New York1,5:15 PM,"MetLife Stadium, East Rutherford, NJ",6
10/12/2025,Denver,@ New York2,6:30 AM,"Tottenham Hotspur Stadium, London, England",6
10/12/2025,Arizona,@ Indianapolis,10:00 AM,"Lucas Oil Stadium, Indianapolis, IN",6
10/12/2025,Los Angeles1,@ Miami,10:00 AM,"Hard Rock Stadium, Miami Gardens, FL",6
10/12/2025,Cleveland,@ Pittsburgh,10:00 AM,"Acrisure Stadium, Pittsburgh, PA",6
10/12/2025,San Francisco,@ Tampa Bay,10:00 AM,"Raymond James Stadium, Tampa, FL",6
10/12/2025,Dallas,@ Carolina,10:00 AM,"Bank of America Stadium, Charlotte, NC",6
10/12/2025,Seattle,@ Jacksonville,10:00 AM,"EverBank Stadium, Jacksonville, FL",6
10/12/2025,Los Angeles2,@ Baltimore,10:00 AM,"M&T Bank Stadium, Baltimore, MD",6
10/12/2025,Tennessee,@ Las Vegas,1:05 PM,"Allegiant Stadium, Las Vegas, NV",6
10/12/2025,Cincinnati,@ Green Bay,1:25 PM,"Lambeau Field, Green Bay, WI",6
10/12/2025,New England,@ New Orleans,1:25 PM,"Caesars Superdome, New Orleans, LA",6
10/12/2025,Detroit,@ Kansas City,5:20 PM,"GEHA Field at Arrowhead Stadium, Kansas City, MO",6
10/13/2025,Buffalo,@ Atlanta,4:15 PM,"Mercedes-Benz Stadium, Atlanta, GA",6
10/13/2025,Chicago,@ Washington,5:15 PM,"Northwest Stadium, Landover, MD",6
10/16/2025,Pittsburgh,@ Cincinnati,5:15 PM,"Paycor Stadium, Cincinnati, OH",7
10/19/2025,Los Angeles2,@ Jacksonville,6:30 AM,"Wembley Stadium, London, England",7
10/19/2025,New Orleans,@ Chicago,10:00 AM,"Soldier Field, Chicago, IL",7
10/19/2025,Miami,@ Cleveland,10:00 AM,"Huntington Bank Field, Cleveland, OH",7
10/19/2025,New England,@ Tennessee,10:00 AM,"Nissan Stadium, Nashville, TN",7
10/19/2025,Las Vegas,@ Kansas City,10:00 AM,"GEHA Field at Arrowhead Stadium, Kansas City, MO",7
10/19/2025,Philadelphia,@ Minnesota,10:00 AM,"U.S. Bank Stadium, Minneapolis, MN",7
10/19/2025,Carolina,@ New York2,10:00 AM,"MetLife Stadium, East Rutherford, NJ",7
10/19/2025,New York1,@ Denver,1:05 PM,"Empower Field at Mile High, Denver, CO",7
10/19/2025,Indianapolis,@ Los Angeles1,1:05 PM,"SoFi Stadium, Inglewood, CA",7
10/19/2025,Washington,@ Dallas,1:25 PM,"AT&T Stadium, Arlington, TX",7
10/19/2025,Green Bay,@ Arizona,1:25 PM,"State Farm Stadium, Glendale, AZ",7
10/19/2025,Atlanta,@ San Francisco,5:20 PM,"Levi's Stadium, Santa Clara, CA",7
10/20/2025,Tampa Bay,@ Detroit,4:00 PM,"Ford Field, Detroit, MI",7
10/20/2025,Houston,@ Seattle,7:00 PM,"Lumen Field, Seattle, WA",7
10/23/2025,Minnesota,@ Los Angeles1,5:15 PM,"SoFi Stadium, Inglewood, CA",8
10/26/2025,Miami,@ Atlanta,10:00 AM,"Mercedes-Benz Stadium, Atlanta, GA",8
10/26/2025,New York2,@ Cincinnati,10:00 AM,"Paycor Stadium, Cincinnati, OH",8
10/26/2025,Cleveland,@ New England,10:00 AM,"Gillette Stadium, Foxborough, MA",8
10/26/2025,New York1,@ Philadelphia,10:00 AM,"Lincoln Financial Field, Philadelphia, PA",8
10/26/2025,Buffalo,@ Carolina,10:00 AM,"Bank of America Stadium, Charlotte, NC",8
10/26/2025,Chicago,@ Baltimore,10:00 AM,"M&T Bank Stadium, Baltimore, MD",8
10/26/2025,San Francisco,@ Houston,10:00 AM,"NRG Stadium, Houston, TX",8
10/26/2025,Tampa Bay,@ New Orleans,1:05 PM,"Caesars Superdome, New Orleans, LA",8
10/26/2025,Dallas,@ Denver,1:25 PM,"Empower Field at Mile High, Denver, CO",8
10/26/2025,Tennessee,@ Indianapolis,1:25 PM,"Lucas Oil Stadium, Indianapolis, IN",8
10/26/2025,Green Bay,@ Pittsburgh,5:20 PM,"Acrisure Stadium, Pittsburgh, PA",8
10/27/2025,Washington,@ Kansas City,5:15 PM,"GEHA Field at Arrowhead Stadium, Kansas City, MO",8
10/30/2025,Baltimore,@ Miami,5:15 PM,"Hard Rock Stadium, Miami Gardens, FL",9
11/2/2025,Chicago,@ Cincinnati,10:00 AM,"Paycor Stadium, Cincinnati, OH",9
11/2/2025,Minnesota,@ Detroit,10:00 AM,"Ford Field, Detroit, MI",9
11/2/2025,Carolina,@ Green Bay,10:00 AM,"Lambeau Field, Green Bay, WI",9
11/2/2025,Los Angeles1,@ Tennessee,10:00 AM,"Nissan Stadium, Nashville, TN",9
11/2/2025,Atlanta,@ New England,10:00 AM,"Gillette Stadium, Foxborough, MA",9
11/2/2025,San Francisco,@ New York1,10:00 AM,"MetLife Stadium, East Rutherford, NJ",9
11/2/2025,Indianapolis,@ Pittsburgh,10:00 AM,"Acrisure Stadium, Pittsburgh, PA",9
11/2/2025,Denver,@ Houston,10:00 AM,"NRG Stadium, Houston, TX",9
11/2/2025,Jacksonville,@ Las Vegas,1:05 PM,"Allegiant Stadium, Las Vegas, NV",9
11/2/2025,New Orleans,@ Los Angeles2,1:05 PM,"SoFi Stadium, Inglewood, CA",9
11/2/2025,Kansas City,@ Buffalo,1:25 PM,"Highmark Stadium, Orchard Park, NY",9
11/2/2025,Seattle,@ Washington,5:20 PM,"Northwest Stadium, Landover, MD",9
11/3/2025,Arizona,@ Dallas,5:15 PM,"AT&T Stadium, Arlington, TX",9
11/6/2025,Las Vegas,@ Denver,5:15 PM,"Empower Field at Mile High, Denver, CO",10
11/9/2025,Atlanta,@ Indianapolis,6:30 AM,"Olympic Stadium Berlin, Berlin, Germany",10
11/9/2025,New York1,@ Chicago,10:00 AM,"Soldier Field, Chicago, IL",10
11/9/2025,Buffalo,@ Miami,10:00 AM,"Hard Rock Stadium, Miami Gardens, FL",10
11/9/2025,Baltimore,@ Minnesota,10:00 AM,"U.S. Bank Stadium, Minneapolis, MN",10
11/9/2025,Cleveland,@ New York2,10:00 AM,"MetLife Stadium, East Rutherford, NJ",10
11/9/2025,New England,@ Tampa Bay,10:00 AM,"Raymond James Stadium, Tampa, FL",10
11/9/2025,New Orleans,@ Carolina,10:00 AM,"Bank of America Stadium, Charlotte, NC",10
11/9/2025,Jacksonville,@ Houston,10:00 AM,"NRG Stadium, Houston, TX",10
11/9/2025,Arizona,@ Seattle,1:05 PM,"Lumen Field, Seattle, WA",10
11/9/2025,Los Angeles2,@ San Francisco,1:25 PM,"Levi's Stadium, Santa Clara, CA",10
11/9/2025,Detroit,@ Washington,1:25 PM,"Northwest Stadium, Landover, MD",10
11/9/2025,Pittsburgh,@ Los Angeles1,5:20 PM,"SoFi Stadium, Inglewood, CA",10
11/10/2025,Philadelphia,@ Green Bay,5:15 PM,"Lambeau Field, Green Bay, WI",10
11/13/2025,New York2,@ New England,5:15 PM,"Gillette Stadium, Foxborough, MA",11
11/16/2025,Washington,@ Miami,6:30 AM,"Santiago Bernabéu, Madrid, Spain",11
11/16/2025,Carolina,@ Atlanta,10:00 AM,"Mercedes-Benz Stadium, Atlanta, GA",11
11/16/2025,Tampa Bay,@ Buffalo,10:00 AM,"Highmark Stadium, Orchard Park, NY",11
11/16/2025,Houston,@ Tennessee,10:00 AM,"Nissan Stadium, Nashville, TN",11
11/16/2025,Chicago,@ Minnesota,10:00 AM,"U.S. Bank Stadium, Minneapolis, MN",11
11/16/2025,Green Bay,@ New York1,10:00 AM,"MetLife Stadium, East Rutherford, NJ",11
11/16/2025,Cincinnati,@ Pittsburgh,10:00 AM,"Acrisure Stadium, Pittsburgh, PA",11
11/16/2025,Los Angeles1,@ Jacksonville,10:00 AM,"EverBank Stadium, Jacksonville, FL",11
11/16/2025,Seattle,@ Los Angeles2,1:05 PM,"SoFi Stadium, Inglewood, CA",11
11/16/2025,San Francisco,@ Arizona,1:05 PM,"State Farm Stadium, Glendale, AZ",11
11/16/2025,Baltimore,@ Cleveland,1:25 PM,"Huntington Bank Field, Cleveland, OH",11
11/16/2025,Kansas City,@ Denver,1:25 PM,"Empower Field at Mile High, Denver, CO",11
11/16/2025,Detroit,@ Philadelphia,5:20 PM,"Lincoln Financial Field, Philadelphia, PA",11
11/17/2025,Dallas,@ Las Vegas,5:15 PM,"Allegiant Stadium, Las Vegas, NV",11
11/20/2025,Buffalo,@ Houston,5:15 PM,"NRG Stadium, Houston, TX",12
11/23/2025,Pittsburgh,@ Chicago,10:00 AM,"Soldier Field, Chicago, IL",12
11/23/2025,New England,@ Cincinnati,10:00 AM,"Paycor Stadium, Cincinnati, OH",12
11/23/2025,New York1,@ Detroit,10:00 AM,"Ford Field, Detroit, MI",12
11/23/2025,Minnesota,@ Green Bay,10:00 AM,"Lambeau Field, Green Bay, WI",12
11/23/2025,Seattle,@ Tennessee,10:00 AM,"Nissan Stadium, Nashville, TN",12
11/23/2025,Indianapolis,@ Kansas City,10:00 AM,"GEHA Field at Arrowhead Stadium, Kansas City, MO",12
11/23/2025,New York2,@ Baltimore,10:00 AM,"M&T Bank Stadium, Baltimore, MD",12
11/23/2025,Cleveland,@ Las Vegas,1:05 PM,"Allegiant Stadium, Las Vegas, NV",12
11/23/2025,Jacksonville,@ Arizona,1:05 PM,"State Farm Stadium, Glendale, AZ",12
11/23/2025,Philadelphia,@ Dallas,1:25 PM,"AT&T Stadium, Arlington, TX",12
11/23/2025,Atlanta,@ New Orleans,1:25 PM,"Caesars Superdome, New Orleans, LA",12
11/23/2025,Tampa Bay,@ Los Angeles2,5:20 PM,"SoFi Stadium, Inglewood, CA",12
11/24/2025,Carolina,@ San Francisco,5:15 PM,"Levi's Stadium, Santa Clara, CA",12
11/27/2025,Green Bay,@ Detroit,10:00 AM,"Ford Field, Detroit, MI",13
11/27/2025,Kansas City,@ Dallas,1:30 PM,"AT&T Stadium, Arlington, TX",13
11/27/2025,Cincinnati,@ Baltimore,5:20 PM,"M&T Bank Stadium, Baltimore, MD",13
11/28/2025,Chicago,@ Philadelphia,12:00 PM,"Lincoln Financial Field, Philadelphia, PA",13
11/30/2025,San Francisco,@ Cleveland,10:00 AM,"Huntington Bank Field, Cleveland, OH",13
11/30/2025,Jacksonville,@ Tennessee,10:00 AM,"Nissan Stadium, Nashville, TN",13
11/30/2025,Houston,@ Indianapolis,10:00 AM,"Lucas Oil Stadium, Indianapolis, IN",13
11/30/2025,New Orleans,@ Miami,10:00 AM,"Hard Rock Stadium, Miami Gardens, FL",13
11/30/2025,Atlanta,@ New York2,10:00 AM,"MetLife Stadium, East Rutherford, NJ",13
11/30/2025,Arizona,@ Tampa Bay,10:00 AM,"Raymond James Stadium, Tampa, FL",13
11/30/2025,Los Angeles2,@ Carolina,10:00 AM,"Bank of America Stadium, Charlotte, NC",13
11/30/2025,Minnesota,@ Seattle,1:05 PM,"Lumen Field, Seattle, WA",13
11/30/2025,Buffalo,@ Pittsburgh,1:25 PM,"Acrisure Stadium, Pittsburgh, PA",13
11/30/2025,Las Vegas,@ Los Angeles1,1:25 PM,"SoFi Stadium, Inglewood, CA",13
11/30/2025,Denver,@ Washington,5:20 PM,"Northwest Stadium, Landover, MD",13
12/1/2025,New York1,@ New England,5:15 PM,"Gillette Stadium, Foxborough, MA",13
12/4/2025,Dallas,@ Detroit,5:15 PM,"Ford Field, Detroit, MI",14
12/7/2025,Seattle,@ Atlanta,10:00 AM,"Mercedes-Benz Stadium, Atlanta, GA",14
12/7/2025,Tennessee,@ Cleveland,10:00 AM,"Huntington Bank Field, Cleveland, OH",14
12/7/2025,Chicago,@ Green Bay,10:00 AM,"Lambeau Field, Green Bay, WI",14
12/7/2025,Washington,@ Minnesota,10:00 AM,"U.S. Bank Stadium, Minneapolis, MN",14
12/7/2025,Miami,@ New York2,10:00 AM,"MetLife Stadium, East Rutherford, NJ",14
12/7/2025,New Orleans,@ Tampa Bay,10:00 AM,"Raymond James Stadium, Tampa, FL",14
12/7/2025,Indianapolis,@ Jacksonville,10:00 AM,"EverBank Stadium, Jacksonville, FL",14
12/7/2025,Pittsburgh,@ Baltimore,10:00 AM,"M&T Bank Stadium, Baltimore, MD",14
12/7/2025,Denver,@ Las Vegas,1:05 PM,"Allegiant Stadium, Las Vegas, NV",14
12/7/2025,Cincinnati,@ Buffalo,1:25 PM,"Highmark Stadium, Orchard Park, NY",14
12/7/2025,Los Angeles2,@ Arizona,1:25 PM,"State Farm Stadium, Glendale, AZ",14
12/7/2025,Houston,@ Kansas City,5:20 PM,"GEHA Field at Arrowhead Stadium, Kansas City, MO",14
12/8/2025,Philadelphia,@ Los Angeles1,5:15 AM,"SoFi Stadium, Inglewood, CA",14
12/11/2025,Atlanta,@ Tampa Bay,5:15 AM,"Raymond James Stadium, Tampa, FL",15
12/14/2025,Cleveland,@ Chicago,10:00 AM,"Soldier Field, Chicago, IL",15
12/14/2025,Baltimore,@ Cincinnati,10:00 AM,"Paycor Stadium, Cincinnati, OH",15
12/14/2025,Los Angeles1,@ Kansas City,10:00 AM,"GEHA Field at Arrowhead Stadium, Kansas City, MO",15
12/14/2025,Buffalo,@ New England,10:00 AM,"Gillette Stadium, Foxborough, MA",15
12/14/2025,Washington,@ New York1,10:00 AM,"MetLife Stadium, East Rutherford, NJ",15
12/14/2025,Las Vegas,@ Philadelphia,10:00 AM,"Lincoln Financial Field, Philadelphia, PA",15
12/14/2025,New York2,@ Jacksonville,10:00 AM,"EverBank Stadium, Jacksonville, FL",15
12/14/2025,Arizona,@ Houston,10:00 AM,"NRG Stadium, Houston, TX",15
12/14/2025,Green Bay,@ Denver,1:25 PM,"Empower Field at Mile High, Denver, CO",15
12/14/2025,Detroit,@ Los Angeles2,1:25 PM,"SoFi Stadium, Inglewood, CA",15
12/14/2025,Carolina,@ New Orleans,1:25 PM,"Caesars Superdome, New Orleans, LA",15
12/14/2025,Tennessee,@ San Francisco,1:25 PM,"Levi's Stadium, Santa Clara, CA",15
12/14/2025,Indianapolis,@ Seattle,1:25 PM,"Lumen Field, Seattle, WA",15
12/14/2025,Minnesota,@ Dallas,5:20 PM,"AT&T Stadium, Arlington, TX",15
12/15/2025,Miami,@ Pittsburgh,5:15 PM,"Acrisure Stadium, Pittsburgh, PA",15
12/18/2025,Los Angeles2,@ Seattle,5:15 PM,"Lumen Field, Seattle, WA",16
12/21/2025,Buffalo,@ Cleveland,10:00 AM,"Huntington Bank Field, Cleveland, OH",16
12/21/2025,Los Angeles1,@ Dallas,10:00 AM,"AT&T Stadium, Arlington, TX",16
12/21/2025,Kansas City,@ Tennessee,10:00 AM,"Nissan Stadium, Nashville, TN",16
12/21/2025,New York2,@ New Orleans,10:00 AM,"Caesars Superdome, New Orleans, LA",16
12/21/2025,Minnesota,@ New York1,10:00 AM,"MetLife Stadium, East Rutherford, NJ",16
12/21/2025,Tampa Bay,@ Carolina,10:00 AM,"Bank of America Stadium, Charlotte, NC",16
12/21/2025,New England,@ Baltimore,10:00 AM,"M&T Bank Stadium, Baltimore, MD",16
12/21/2025,Jacksonville,@ Denver,1:05 PM,"Empower Field at Mile High, Denver, CO",16
12/21/2025,Atlanta,@ Arizona,1:05 PM,"State Farm Stadium, Glendale, AZ",16
12/21/2025,Pittsburgh,@ Detroit,1:25 PM,"Ford Field, Detroit, MI",16
12/21/2025,Las Vegas,@ Houston,1:25 PM,"NRG Stadium, Houston, TX",16
12/21/2025,Cincinnati,@ Miami,5:20 PM,"Hard Rock Stadium, Miami Gardens, FL",16
12/22/2025,San Francisco,@ Indianapolis,5:15 AM,"Lucas Oil Stadium, Indianapolis, IN",16
12/25/2025,Dallas,@ Washington,10:00 AM,"Northwest Stadium, Landover, MD",17
12/25/2025,Detroit,@ Minnesota,1:30 PM,"U.S. Bank Stadium, Minneapolis, MN",17
12/25/2025,Denver,@ Kansas City,5:15 PM,"GEHA Field at Arrowhead Stadium, Kansas City, MO",17
12/27/2025,Houston,@ Los Angeles1,1:30 PM,"SoFi Stadium, Inglewood, CA",17
12/27/2025,Baltimore,@ Green Bay,5:00 PM,"Lambeau Field, Green Bay, WI",17
12/28/2025,Arizona,@ Cincinnati,10:00 AM,"Paycor Stadium, Cincinnati, OH1",17
12/28/2025,Pittsburgh,@ Cleveland,10:00 AM,"Huntington Bank Field, Cleveland, OH",17
12/28/2025,New Orleans,@ Tennessee,10:00 AM,"Nissan Stadium, Nashville, TN",17
12/28/2025,Jacksonville,@ Indianapolis,10:00 AM,"Lucas Oil Stadium, Indianapolis, IN",17
12/28/2025,Tampa Bay,@ Miami,10:00 AM,"Hard Rock Stadium, Miami Gardens, FL",17
12/28/2025,New England,@ New York2,10:00 AM,"MetLife Stadium, East Rutherford, NJ",17
12/28/2025,Seattle,@ Carolina,10:00 AM,"Bank of America Stadium, Charlotte, NC",17
12/28/2025,New York1,@ Las Vegas,1:05 PM,"Allegiant Stadium, Las Vegas, NV",17
12/28/2025,Philadelphia,@ Buffalo,1:25 PM,"Highmark Stadium, Orchard Park, NY",17
12/28/2025,Chicago,@ San Francisco,5:20 PM,"Levi's Stadium, Santa Clara, CA",17
12/29/2025,Los Angeles2,@ Atlanta,5:15 PM,"Mercedes-Benz Stadium, Atlanta, GA",17
01/03/2026,Carolina,@ Tampa Bay,1:30 PM,"Raymond James Stadium, Tampa, FL",18
01/03/2026,Seattle,@ San Francisco,5:00 PM,"Levi's Stadium, Santa Clara, CA",18
01/04/2026,New Orleans,@ Atlanta,10:00 AM,"Mercedes-Benz Stadium, Atlanta, GA",18
01/04/2026,Cleveland,@ Cincinnati,10:00 AM,"Paycor Stadium, Cincinnati, OH",18
01/04/2026,Green Bay,@ Minnesota,10:00 AM,"U.S. Bank Stadium, Minneapolis, MN",18
01/04/2026,Dallas,@ New York1,10:00 AM,"MetLife Stadium, East Rutherford, NJ",18
01/04/2026,Tennessee,@ Jacksonville,10:00 AM,"EverBank Stadium, Jacksonville, FL",18
01/04/2026,Indianapolis,@ Houston,10:00 AM,"NRG Stadium, Houston, TX",18
01/04/2026,New York2,@ Buffalo,1:25 PM,"Highmark Stadium, Orchard Park, NY",18
01/04/2026,Detroit,@ Chicago,1:25 PM,"Soldier Field, Chicago, IL",18
01/04/2026,Los Angeles1,@ Denver,1:25 PM,"Empower Field at Mile High, Denver, CO",18
01/04/2026,Kansas City,@ Las Vegas,1:25 PM,"Allegiant Stadium, Las Vegas, NV",18
01/04/2026,Arizona,@ Los Angeles2,1:25 PM,"SoFi Stadium, Inglewood, CA",18
01/04/2026,Miami,@ New England,1:25 PM,"Gillette Stadium, Foxborough, MA",18
01/04/2026,Washington,@ Philadelphia,1:25 PM,"Lincoln Financial Field, Philadelphia, PA",18
01/04/2026,Baltimore,@ Pittsburgh,5:20 PM,"Acrisure Stadium, Pittsburgh, PA",18
01/10/2026,Los Angeles2,@ Carolina,1:30 PM,Bank of America Stadium,19	
01/10/2026,Green Bay,@ Chicago,5:00 PM,Soldier Field,19	
01/11/2026,Buffalo,@ Jacksonville,10:00 AM,EverBank Stadium,19		
01/11/2026,San Francisco,@ Philadelphia,1:30 PM,Lincoln Financial Field,19	
01/11/2026,Los Angeles1,@ New England,5:00 PM,Gillette Stadium,19		
01/12/2026,Houston,@ Pittsburgh,5:15 PM,Acrisure Stadium,19
01/17/2026,Buffalo,@ Denver,1:30 PM,Empower Field at Mile High,20
01/17/2026,San Francisco,@ Seattle,5:00 PM,Lumen Field,20
01/18/2026,Houston,@ New England,12:00 PM,Gillette Stadium,20
01/18/2026,Los Angeles2,@ Chicago,3:30 PM,Soldier Field,20
01/25/2026,New England,@ Denver,12:00 PM,Empower Field at Mile High,21
01/25/2026,Los Angeles2,@ Seattle,3:30 PM,Lumen Field,21
02/08/2026,Patriots,@ Seattle,3:30 PM,Levi's Stadium,22