index,matchup,ID
0,Cowboys @ Eagles,401772510
1,Chiefs @ Chargers,401772714
2,Buccaneers @ Falcons,401772830
3,Bengals @ Browns,401772829
4,Dolphins @ Colts,401772719
5,Raiders @ Patriots,401772720
6,Cardinals @ Saints,401772718
7,Steelers @ Jets,401772721
8,Giants @ Commanders,401772827
9,Panthers @ Jaguars,401772828
10,Titans @ Broncos,401772832
11,49ers @ Seahawks,401772831
12,Lions @ Packers,401772722
13,Texans @ Rams,401772723
14,Ravens @ Bills,401772918
15,Vikings @ Bears,401772810
16,Buccaneers @ Texans,401772715
17,Chargers @ Raiders,401772811
18,Commanders @ Packers,401772936
19,Jaguars @ Bengals,401772725
20,Giants @ Cowboys,401772834
21,Bears @ Lions,401772835
22,Rams @ Titans,401772724
23,Patriots @ Dolphins,401772728
24,49ers @ Saints,401772833
25,Bills @ Jets,401772727
26,Seahawks @ Steelers,401772836
27,Browns @ Ravens,401772726
28,Broncos @ Colts,401772729
29,Panthers @ Cardinals,401772730
30,Eagles @ Chiefs,401772837
31,Falcons @ Vikings,401772919
32,Dolphins @ Bills,401772937
33,Packers @ Browns,401772842
34,Colts @ Titans,401772733
35,Bengals @ Vikings,401772731
36,Steelers @ Patriots,401772732
37,Rams @ Eagles,401772839
38,Jets @ Buccaneers,401772840
39,Raiders @ Commanders,401772841
40,Falcons @ Panthers,401772838
41,Texans @ Jaguars,401772734
42,Broncos @ Chargers,401772735
43,Saints @ Seahawks,401772736
44,Cowboys @ Bears,401772844
45,Cardinals @ 49ers,401772843
46,Chiefs @ Giants,401772920
47,Lions @ Ravens,401772812
48,Seahawks @ Cardinals,401772938
49,Vikings @ Steelers,401772632
50,Commanders @ Falcons,401772739
51,Saints @ Bills,401772740
52,Browns @ Lions,401772846
53,Panthers @ Patriots,401772847
54,Chargers @ Giants,401772737
55,Eagles @ Buccaneers,401772845
56,Titans @ Texans,401772738
57,Colts @ Rams,401772849
58,Jaguars @ 49ers,401772848
59,Ravens @ Chiefs,401772741
60,Bears @ Raiders,401772742
61,Packers @ Cowboys,401772921
62,Jets @ Dolphins,401772813
63,Bengals @ Broncos,401772716
64,49ers @ Rams,401772939
65,Vikings @ Browns,401772633
66,Raiders @ Colts,401772851
67,Giants @ Saints,401772744
68,Cowboys @ Jets,401772850
69,Broncos @ Eagles,401772745
70,Dolphins @ Panthers,401772852
71,Texans @ Ravens,401772743
72,Titans @ Cardinals,401772747
73,Buccaneers @ Seahawks,401772746
74,Lions @ Bengals,401772854
75,Commanders @ Chargers,401772853
76,Patriots @ Bills,401772922
77,Chiefs @ Jaguars,401772814
78,Eagles @ Giants,401772940
79,Broncos @ Jets,401772634
80,Cardinals @ Colts,401772856
81,Chargers @ Dolphins,401772750
82,Browns @ Steelers,401772748
83,49ers @ Buccaneers,401772749
84,Cowboys @ Panthers,401772858
85,Seahawks @ Jaguars,401772857
86,Rams @ Ravens,401772855
87,Titans @ Raiders,401772859
88,Bengals @ Packers,401772752
89,Patriots @ Saints,401772751
90,Lions @ Chiefs,401772923
91,Bills @ Falcons,401772815
92,Bears @ Commanders,401772717
93,Steelers @ Bengals,401772941
94,Rams @ Jaguars,401772635
95,Saints @ Bears,401772861
96,Dolphins @ Browns,401772754
97,Patriots @ Titans,401772755
98,Raiders @ Chiefs,401772753
99,Eagles @ Vikings,401772862
100,Panthers @ Jets,401772860
101,Giants @ Broncos,401772757
102,Colts @ Chargers,401772756
103,Commanders @ Cowboys,401772864
104,Packers @ Cardinals,401772863
105,Falcons @ 49ers,401772924
106,Buccaneers @ Lions,401772816
107,Texans @ Seahawks,401772826
108,Vikings @ Chargers,401772942
109,Dolphins @ Falcons,401772760
110,Jets @ Bengals,401772758
111,Browns @ Patriots,401772868
112,Giants @ Eagles,401772867
113,Bills @ Panthers,401772865
114,Bears @ Ravens,401772759
115,49ers @ Texans,401772866
116,Buccaneers @ Saints,401772869
117,Cowboys @ Broncos,401772762
118,Titans @ Colts,401772761
119,Packers @ Steelers,401772925
120,Commanders @ Chiefs,401772817
121,Ravens @ Dolphins,401772943
122,Bears @ Bengals,401772765
123,Vikings @ Lions,401772871
124,Panthers @ Packers,401772872
125,Chargers @ Titans,401772764
126,Falcons @ Patriots,401772763
127,49ers @ Giants,401772767
128,Colts @ Steelers,401772766
129,Broncos @ Texans,401772870
130,Jaguars @ Raiders,401772873
131,Saints @ Rams,401772874
132,Chiefs @ Bills,401772768
133,Seahawks @ Commanders,401772926
134,Cardinals @ Cowboys,401772818
135,Raiders @ Broncos,401772944
136,Falcons @ Colts,401772636
137,Giants @ Bears,401772875
138,Bills @ Dolphins,401772771
139,Ravens @ Vikings,401772876
140,Browns @ Jets,401772769
141,Patriots @ Buccaneers,401772772
142,Saints @ Panthers,401772877
143,Jaguars @ Texans,401772770
144,Cardinals @ Seahawks,401772773
145,Rams @ 49ers,401772879
146,Lions @ Commanders,401772878
147,Steelers @ Chargers,401772927
148,Eagles @ Packers,401772630
149,Jets @ Patriots,401772945
150,Commanders @ Dolphins,401772631
151,Panthers @ Falcons,401772882
152,Buccaneers @ Bills,401772776
153,Texans @ Titans,401772881
154,Bears @ Vikings,401772880
155,Packers @ Giants,401772883
156,Bengals @ Steelers,401772774
157,Chargers @ Jaguars,401772775
158,Seahawks @ Rams,401772884
159,49ers @ Cardinals,401772885
160,Ravens @ Browns,401772777
161,Chiefs @ Broncos,401772778
162,Lions @ Eagles,401772928
163,Cowboys @ Raiders,401772819
164,Bills @ Texans,401772946
165,Steelers @ Bears,401772780
166,Patriots @ Bengals,401772781
167,Giants @ Lions,401772888
168,Vikings @ Packers,401772887
169,Seahawks @ Titans,401772886
170,Colts @ Chiefs,401772779
171,Jets @ Ravens,401772782
172,Browns @ Raiders,401772784
173,Jaguars @ Cardinals,401772783
174,Eagles @ Cowboys,401772890
175,Falcons @ Saints,401772889
176,Buccaneers @ Rams,401772929
177,Panthers @ 49ers,401772820
178,Packers @ Lions,401772891
179,Chiefs @ Cowboys,401772694
180,Bengals @ Ravens,401772930
181,Bears @ Eagles,401772621
182,49ers @ Browns,401772785
183,Jaguars @ Titans,401772786
184,Texans @ Colts,401772787
185,Saints @ Dolphins,401772892
186,Falcons @ Jets,401772893
187,Cardinals @ Buccaneers,401772895
188,Rams @ Panthers,401772894
189,Vikings @ Seahawks,401772896
190,Bills @ Steelers,401772789
191,Raiders @ Chargers,401772788
192,Broncos @ Commanders,401772931
193,Giants @ Patriots,401772821
194,Cowboys @ Lions,401772947
195,Seahawks @ Falcons,401772900
196,Titans @ Browns,401772898
197,Bears @ Packers,401772897
198,Commanders @ Vikings,401772899
199,Dolphins @ Jets,401772790
200,Saints @ Buccaneers,401772792
201,Colts @ Jaguars,401772793
202,Steelers @ Ravens,401772791
203,Broncos @ Raiders,401772794
204,Bengals @ Bills,401772902
205,Rams @ Cardinals,401772901
206,Texans @ Chiefs,401772932
207,Eagles @ Chargers,401772822
208,Falcons @ Buccaneers,401772948
209,Browns @ Bears,401772904
210,Ravens @ Bengals,401772796
211,Chargers @ Chiefs,401772798
212,Bills @ Patriots,401772795
213,Commanders @ Giants,401772905
214,Raiders @ Eagles,401772906
215,Jets @ Jaguars,401772797
216,Cardinals @ Texans,401772903
217,Packers @ Broncos,401772800
218,Lions @ Rams,401772909
219,Panthers @ Saints,401772908
220,Titans @ 49ers,401772907
221,Colts @ Seahawks,401772799
222,Vikings @ Cowboys,401772933
223,Dolphins @ Steelers,401772823
224,Rams @ Seahawks,401772949
227,Bills @ Browns,401772802
228,Chargers @ Cowboys,401772910
229,Chiefs @ Titans,401772803
230,Jets @ Saints,401772801
231,Vikings @ Giants,401772911
232,Buccaneers @ Panthers,401772912
233,Patriots @ Ravens,401772804
234,Jaguars @ Broncos,401772913
235,Falcons @ Cardinals,401772914
236,Steelers @ Lions,401772806
237,Raiders @ Texans,401772805
238,Bengals @ Dolphins,401772934
239,49ers @ Colts,401772824
240,Cowboys @ Commanders,401772710
241,Lions @ Vikings,401772711
242,Broncos @ Chiefs,401772622
243,Cardinals @ Bengals,401772954
244,Ravens @ Packers,401772953
245,Giants @ Raiders,401772950
246,Texans @ Chargers,401772951
247,Seahawks @ Panthers,401772952
248,Steelers @ Browns,401772807
249,Saints @ Titans,401772809
250,Jaguars @ Colts,401772915
251,Buccaneers @ Dolphins,401772916
252,Patriots @ Jets,401772808
253,Eagles @ Bills,401772917
254,Bears @ 49ers,401772935
255,Rams @ Falcons,401772825
256,Panthers @ Buccaneers,401772969
257,Seahawks @ 49ers,401772961
258,Saints @ Falcons,401772966
259,Browns @ Bengals,401772964
260,Packers @ Vikings,401772968
261,Cowboys @ Giants,401772963
262,Titans @ Jaguars,401772970
263,Colts @ Texans,401772962
264,Jets @ Bills,401772967
265,Lions @ Bears,401772965
266,Chargers @ Broncos,401772956
267,Chiefs @ Raiders,401772957
268,Cardinals @ Rams,401772955
269,Dolphins @ Patriots,401772958
270,Commanders @ Eagles,401772959
271,Ravens @ Steelers,401772960
272,Rams @ Panthers,401772979	
273,Packers @ Bears,401772981	
274,Bills @ Jaguars,401772977	
275,49ers @ Eagles,401772980
276,Chargers @ Patriots,401772978	
277,Texans @ Steelers,401772976
278,Bills @ Broncos,401772982
279,49ers @ Seahawks,401772984
280,Texans @ Patriots,401772983
281,Rams @ Bears,401772985
282,Patriots @ Broncos,401772986
283,Rams @ Seahawks,401772987
284,Patriots @ Seahawks,401772988