,Season,Team,G#,Opp,Spread,Over/Under,Result,vs. Line,OU Result
0,2025,CRD,1,@NOR,-6.5,43.5,"W, 20-13",Won,Under
1,2025,CRD,2,CAR,-7.0,44.5,"W, 27-22",Lost,Over
2,2025,CRD,3,@SFO,2.0,45.5,"L, 15-16",Won,Under
3,2025,CRD,4,SEA,1.5,43.0,"L, 20-23",Lost,Push
4,2025,CRD,5,TEN,-7.5,41.0,"L, 21-22",Lost,Over
5,2025,CRD,6,@IND,9.5,46.5,"L, 27-31",Won,Over
6,2025,CRD,7,GNB,7.0,44.5,"L, 23-27",Won,Over
7,2025,CRD,8,@DAL,3.0,53.5,"W, 27-17",Won,Under
8,2025,CRD,9,@SEA,7.0,45.5,"L, 22-44",Lost,Over
9,2025,CRD,10,SFO,3.5,48.5,"L, 22-41",Lost,Over
10,2025,CRD,11,JAX,2.5,47.5,"L, 24-27",Lost,Over
11,2025,CRD,12,@TAM,3.5,44.5,"L, 17-20",Won,Under
12,2025,CRD,13,LAR,10.0,48.0,"L, 17-45",Lost,Over
13,2025,ATL,1,TAM,-1.0,47.0,"L, 20-23",Lost,Under
14,2025,ATL,2,@MIN,3.0,44.5,"W, 22-6",Won,Under
15,2025,ATL,3,@CAR,-4.5,44.0,"L, 0-30",Lost,Under
16,2025,ATL,4,WAS,-1.5,43.5,"W, 34-27",Won,Over
17,2025,ATL,5,BUF,4.0,50.0,"W, 24-14",Won,Under
18,2025,ATL,6,@SFO,2.0,47.0,"L, 10-20",Lost,Under
19,2025,ATL,7,MIA,-7.0,44.5,"L, 10-34",Lost,Under
20,2025,ATL,8,@NWE,5.0,45.0,"L, 23-24",Won,Over
21,2025,ATL,9,@IND,6.5,48.0,"L, 25-31",Won,Over
22,2025,ATL,10,CAR,-4.0,42.0,"L, 27-30",Lost,Over
23,2025,ATL,11,@NOR,2.0,40.0,"W, 24-10",Won,Under
24,2025,ATL,12,@NYJ,-3.0,39.0,"L, 24-27",Lost,Over
25,2025,ATL,13,SEA,6.5,44.0,"L, 9-37",Lost,Over
26,2025,ATL,14,@TAM,4.5,44.0,"W, 29-28",Won,Over
27,2025,RAV,1,@BUF,-1.5,50.5,"L, 40-41",Lost,Over
28,2025,RAV,2,CLE,-11.5,45.0,"W, 41-17",Won,Over
29,2025,RAV,3,DET,-4.0,53.0,"L, 30-38",Lost,Over
30,2025,RAV,4,@KAN,-2.5,48.5,"L, 20-37",Lost,Over
31,2025,RAV,5,HOU,1.0,40.5,"L, 10-44",Lost,Over
32,2025,RAV,6,LAR,7.0,44.5,"L, 3-17",Lost,Under
33,2025,RAV,7,CHI,-2.5,45.0,"W, 30-16",Won,Over
34,2025,RAV,8,@MIA,-7.5,51.0,"W, 28-6",Won,Under
35,2025,RAV,9,@MIN,-4.0,49.0,"W, 27-19",Won,Under
36,2025,RAV,10,@CLE,-9.0,38.5,"W, 23-16",Lost,Over
37,2025,RAV,11,NYJ,-14.0,44.0,"W, 23-10",Lost,Under
38,2025,RAV,12,CIN,-7.5,51.5,"L, 14-32",Lost,Under
39,2025,RAV,13,PIT,-5.5,42.5,"L, 22-27",Lost,Over
40,2025,BUF,1,BAL,1.5,50.5,"W, 41-40",Won,Over
41,2025,BUF,2,@NYJ,-6.0,47.5,"W, 30-10",Won,Under
42,2025,BUF,3,MIA,-12.0,50.0,"W, 31-21",Lost,Over
43,2025,BUF,4,NOR,-15.5,47.5,"W, 31-19",Lost,Over
44,2025,BUF,5,NWE,-9.0,48.5,"L, 20-23",Lost,Under
45,2025,BUF,6,@ATL,-4.0,50.0,"L, 14-24",Lost,Under
46,2025,BUF,7,@CAR,-7.0,46.5,"W, 40-9",Won,Over
47,2025,BUF,8,KAN,1.5,52.5,"W, 28-21",Won,Under
48,2025,BUF,9,@MIA,-9.5,50.0,"L, 13-30",Lost,Under
49,2025,BUF,10,TAM,-6.0,46.5,"W, 44-32",Won,Over
50,2025,BUF,11,@HOU,-6.0,43.5,"L, 19-23",Lost,Under
51,2025,BUF,12,@PIT,-3.0,46.0,"W, 26-7",Won,Under
52,2025,BUF,13,CIN,-6.0,53.5,"W, 39-34",Lost,Over
53,2025,CAR,1,@JAX,3.5,46.5,"L, 10-26",Lost,Under
54,2025,CAR,2,@ARI,7.0,44.5,"L, 22-27",Won,Over
55,2025,CAR,3,ATL,4.5,44.0,"W, 30-0",Won,Under
56,2025,CAR,4,@NWE,5.0,43.0,"L, 13-42",Lost,Over
57,2025,CAR,5,MIA,1.0,44.0,"W, 27-24",Won,Over
58,2025,CAR,6,DAL,3.0,48.5,"W, 30-27",Won,Over
59,2025,CAR,7,@NYJ,-1.0,41.0,"W, 13-6",Won,Under
60,2025,CAR,8,BUF,7.0,46.5,"L, 9-40",Lost,Over
61,2025,CAR,9,@GNB,13.0,43.0,"W, 16-13",Won,Under
62,2025,CAR,10,NOR,-5.5,38.0,"L, 7-17",Lost,Under
63,2025,CAR,11,@ATL,4.0,42.0,"W, 30-27",Won,Over
64,2025,CAR,12,@SFO,7.5,50.0,"L, 9-20",Lost,Under
65,2025,CAR,13,LAR,10.0,45.0,"W, 31-28",Won,Over
66,2025,CHI,1,MIN,1.5,43.5,"L, 24-27",Lost,Over
67,2025,CHI,2,@DET,6.5,46.5,"L, 21-52",Lost,Over
68,2025,CHI,3,DAL,1.0,50.0,"W, 31-14",Won,Under
69,2025,CHI,4,@LVR,0.0,47.5,"W, 25-24",Won,Over
70,2025,CHI,5,@WAS,5.5,49.5,"W, 25-24",Won,Under
71,2025,CHI,6,NOR,-4.0,45.5,"W, 26-14",Won,Under
72,2025,CHI,7,@BAL,2.5,45.0,"L, 16-30",Lost,Over
73,2025,CHI,8,@CIN,-2.5,51.5,"W, 47-42",Won,Over
74,2025,CHI,9,NYG,-4.5,46.5,"W, 24-20",Lost,Under
75,2025,CHI,10,@MIN,3.0,48.0,"W, 19-17",Won,Under
76,2025,CHI,11,PIT,-2.5,46.5,"W, 31-28",Won,Over
77,2025,CHI,12,@PHI,7.0,44.0,"W, 24-15",Won,Under
78,2025,CHI,13,@GNB,6.5,43.5,"L, 21-28",Lost,Over
79,2025,CIN,1,@CLE,-5.0,48.0,"W, 17-16",Lost,Under
80,2025,CIN,2,JAX,-3.0,49.0,"W, 31-27",Won,Over
81,2025,CIN,3,@MIN,3.0,41.5,"L, 10-48",Lost,Over
82,2025,CIN,4,@DEN,7.5,44.0,"L, 3-28",Lost,Under
83,2025,CIN,5,DET,10.5,49.5,"L, 24-37",Lost,Over
84,2025,CIN,6,@GNB,14.0,45.0,"L, 18-27",Won,Push
85,2025,CIN,7,PIT,5.5,44.5,"W, 33-31",Won,Over
86,2025,CIN,8,NYJ,-6.5,44.5,"L, 38-39",Lost,Over
87,2025,CIN,9,CHI,2.5,51.5,"L, 42-47",Lost,Over
88,2025,CIN,10,@PIT,5.5,49.0,"L, 12-34",Lost,Under
89,2025,CIN,11,NWE,7.5,50.0,"L, 20-26",Won,Under
90,2025,CIN,12,@BAL,7.5,51.5,"W, 32-14",Won,Under
91,2025,CIN,13,@BUF,6.0,53.5,"L, 34-39",Won,Over
92,2025,CLE,1,CIN,5.0,48.0,"L, 16-17",Won,Under
93,2025,CLE,2,@BAL,11.5,45.0,"L, 17-41",Lost,Over
94,2025,CLE,3,GNB,7.5,41.0,"W, 13-10",Won,Under
95,2025,CLE,4,@DET,10.0,44.0,"L, 10-34",Lost,Push
96,2025,CLE,5,MIN,3.5,35.5,"L, 17-21",Lost,Over
97,2025,CLE,6,@PIT,6.0,38.0,"L, 9-23",Lost,Under
98,2025,CLE,7,MIA,-2.5,35.5,"W, 31-6",Won,Over
99,2025,CLE,8,@NWE,7.0,41.0,"L, 13-32",Lost,Over
100,2025,CLE,9,@NYJ,-1.5,37.5,"L, 20-27",Lost,Over
101,2025,CLE,10,BAL,9.0,38.5,"L, 16-23",Won,Over
102,2025,CLE,11,@LVR,4.0,36.0,"W, 24-10",Won,Under
103,2025,CLE,12,SFO,5.0,35.5,"L, 8-26",Lost,Under
104,2025,CLE,13,TEN,-3.5,34.0,"L, 29-31",Lost,Over
105,2025,DAL,1,@PHI,8.5,47.5,"L, 20-24",Won,Under
106,2025,DAL,2,NYG,-5.5,44.5,"W, 40-37",Lost,Over
107,2025,DAL,3,@CHI,-1.0,50.0,"L, 14-31",Lost,Under
108,2025,DAL,4,GNB,6.5,46.5,"T, 40-40",Won,Over
109,2025,DAL,5,@NYJ,-1.5,48.0,"W, 37-22",Won,Over
110,2025,DAL,6,@CAR,-3.0,48.5,"L, 27-30",Lost,Over
111,2025,DAL,7,WAS,-1.0,54.0,"W, 44-22",Won,Over
112,2025,DAL,8,@DEN,3.5,51.0,"L, 24-44",Lost,Over
113,2025,DAL,9,ARI,-3.0,53.5,"L, 17-27",Lost,Under
114,2025,DAL,10,@LVR,-3.5,50.0,"W, 33-16",Won,Under
115,2025,DAL,11,PHI,3.0,47.5,"W, 24-21",Won,Under
116,2025,DAL,12,KAN,3.0,52.5,"W, 31-28",Won,Over
117,2025,DAL,13,@DET,3.0,54.0,"L, 30-44",Lost,Over
118,2025,DEN,1,TEN,-9.0,42.5,"W, 20-12",Lost,Under
119,2025,DEN,2,@IND,-1.0,43.5,"L, 28-29",Lost,Over
120,2025,DEN,3,@LAC,3.0,45.5,"L, 20-23",Push,Under
121,2025,DEN,4,CIN,-7.5,44.0,"W, 28-3",Won,Under
122,2025,DEN,5,@PHI,4.0,43.5,"W, 21-17",Won,Under
123,2025,DEN,6,@NYJ,-7.0,43.5,"W, 13-11",Lost,Under
124,2025,DEN,7,NYG,-7.5,40.5,"W, 33-32",Lost,Over
125,2025,DEN,8,DAL,-3.5,51.0,"W, 44-24",Won,Over
126,2025,DEN,9,@HOU,2.5,40.5,"W, 18-15",Won,Under
127,2025,DEN,10,LVR,-9.0,43.0,"W, 10-7",Lost,Under
128,2025,DEN,11,KAN,4.0,45.0,"W, 22-19",Won,Under
129,2025,DEN,12,@WAS,-6.0,43.0,"W, 27-26",Lost,Over
130,2025,DEN,13,@LVR,-8.0,40.5,"W, 24-17",Lost,Over
131,2025,DET,1,@GNB,1.0,47.0,"L, 13-27",Lost,Under
132,2025,DET,2,CHI,-6.5,46.5,"W, 52-21",Won,Over
133,2025,DET,3,@BAL,4.0,53.0,"W, 38-30",Won,Over
134,2025,DET,4,CLE,-10.0,44.0,"W, 34-10",Won,Push
135,2025,DET,5,@CIN,-10.5,49.5,"W, 37-24",Won,Over
136,2025,DET,6,@KAN,2.5,53.0,"L, 17-30",Lost,Under
137,2025,DET,7,TAM,-6.0,53.0,"W, 24-9",Won,Under
138,2025,DET,8,MIN,-9.5,48.0,"L, 24-27",Lost,Over
139,2025,DET,9,@WAS,-8.0,49.0,"W, 44-22",Won,Over
140,2025,DET,10,@PHI,3.0,46.5,"L, 9-16",Lost,Under
141,2025,DET,11,NYG,-13.0,50.5,"W, 34-27",Lost,Over
142,2025,DET,12,GNB,-3.0,48.5,"L, 24-31",Lost,Over
143,2025,DET,13,DAL,-3.0,54.0,"W, 44-30",Won,Over
144,2025,GNB,1,DET,-1.0,47.0,"W, 27-13",Won,Under
145,2025,GNB,2,WAS,-3.5,48.0,"W, 27-18",Won,Under
146,2025,GNB,3,@CLE,-7.5,41.0,"L, 10-13",Lost,Under
147,2025,GNB,4,@DAL,-6.5,46.5,"T, 40-40",Lost,Over
148,2025,GNB,5,CIN,-14.0,45.0,"W, 27-18",Lost,Push
149,2025,GNB,6,@ARI,-7.0,44.5,"W, 27-23",Lost,Over
150,2025,GNB,7,@PIT,-3.0,45.5,"W, 35-25",Won,Over
151,2025,GNB,8,CAR,-13.0,43.0,"L, 13-16",Lost,Under
152,2025,GNB,9,PHI,-1.0,45.5,"L, 7-10",Lost,Under
153,2025,GNB,10,@NYG,-7.0,42.0,"W, 27-20",Push,Over
154,2025,GNB,11,MIN,-6.5,41.5,"W, 23-6",Won,Under
155,2025,GNB,12,@DET,3.0,48.5,"W, 31-24",Won,Over
156,2025,GNB,13,CHI,-6.5,43.5,"W, 28-21",Won,Over
157,2025,HTX,1,@LAR,3.0,43.5,"L, 9-14",Lost,Under
158,2025,HTX,2,TAM,-2.5,42.5,"L, 19-20",Lost,Under
159,2025,HTX,3,@JAX,1.0,43.5,"L, 10-17",Lost,Under
160,2025,HTX,4,TEN,-7.0,39.5,"W, 26-0",Won,Under
161,2025,HTX,5,@BAL,-1.0,40.5,"W, 44-10",Won,Over
162,2025,HTX,6,@SEA,3.0,41.0,"L, 19-27",Lost,Over
163,2025,HTX,7,SFO,-2.0,42.0,"W, 26-15",Won,Under
164,2025,HTX,8,DEN,-2.5,40.5,"L, 15-18",Lost,Under
165,2025,HTX,9,JAX,0.0,37.5,"W, 36-29",Won,Over
166,2025,HTX,10,@TEN,-6.0,37.0,"W, 16-13",Lost,Under
167,2025,HTX,11,BUF,6.0,43.5,"W, 23-19",Won,Under
168,2025,HTX,12,@IND,3.0,45.0,"W, 20-16",Won,Under
169,2025,HTX,13,@KAN,3.5,41.0,"W, 20-10",Won,Under
170,2025,CLT,1,MIA,0.0,46.5,"W, 33-8",Won,Under
171,2025,CLT,2,DEN,1.0,43.5,"W, 29-28",Won,Over
172,2025,CLT,3,@TEN,-4.5,43.5,"W, 41-20",Won,Over
173,2025,CLT,4,@LAR,3.5,49.5,"L, 20-27",Lost,Under
174,2025,CLT,5,LVR,-7.0,48.0,"W, 40-6",Won,Under
175,2025,CLT,6,ARI,-9.5,46.5,"W, 31-27",Lost,Over
176,2025,CLT,7,@LAC,2.0,48.0,"W, 38-24",Won,Over
177,2025,CLT,8,TEN,-14.5,48.5,"W, 38-14",Won,Over
178,2025,CLT,9,@PIT,-3.0,51.5,"L, 20-27",Lost,Under
179,2025,CLT,10,ATL,-6.5,48.0,"W, 31-25",Lost,Over
180,2025,CLT,11,@KAN,3.0,49.5,"L, 20-23",Push,Under
181,2025,CLT,12,HOU,-3.0,45.0,"L, 16-20",Lost,Under
182,2025,CLT,13,@JAX,-1.5,46.0,"L, 19-36",Lost,Over
183,2025,JAX,1,CAR,-3.5,46.5,"W, 26-10",Won,Under
184,2025,JAX,2,@CIN,3.0,49.0,"L, 27-31",Lost,Over
185,2025,JAX,3,HOU,-1.0,43.5,"W, 17-10",Won,Under
186,2025,JAX,4,@SFO,3.5,46.0,"W, 26-21",Won,Over
187,2025,JAX,5,KAN,3.5,45.5,"W, 31-28",Won,Over
188,2025,JAX,6,SEA,0.0,47.5,"L, 12-20",Lost,Under
189,2025,JAX,7,LAR,3.0,44.0,"L, 7-35",Lost,Under
190,2025,JAX,8,@LVR,-2.5,44.0,"W, 30-29",Lost,Over
191,2025,JAX,9,@HOU,0.0,37.5,"L, 29-36",Lost,Over
192,2025,JAX,10,LAC,3.0,44.0,"W, 35-6",Won,Under
193,2025,JAX,11,@ARI,-2.5,47.5,"W, 27-24",Won,Over
194,2025,JAX,12,@TEN,-6.0,41.5,"W, 25-3",Won,Under
195,2025,JAX,13,IND,1.5,46.0,"W, 36-19",Won,Over
196,2025,KAN,1,@LAC,-3.0,46.5,"L, 21-27",Lost,Over
197,2025,KAN,2,PHI,1.0,47.0,"L, 17-20",Lost,Under
198,2025,KAN,3,@NYG,-6.0,44.5,"W, 22-9",Won,Under
199,2025,KAN,4,BAL,2.5,48.5,"W, 37-20",Won,Over
200,2025,KAN,5,@JAX,-3.5,45.5,"L, 28-31",Lost,Over
201,2025,KAN,6,DET,-2.5,53.0,"W, 30-17",Won,Under
202,2025,KAN,7,LVR,-12.0,45.5,"W, 31-0",Won,Under
203,2025,KAN,8,WAS,-11.0,48.0,"W, 28-7",Won,Under
204,2025,KAN,9,@BUF,-1.5,52.5,"L, 21-28",Lost,Under
205,2025,KAN,10,@DEN,-4.0,45.0,"L, 19-22",Lost,Under
206,2025,KAN,11,IND,-3.0,49.5,"W, 23-20",Push,Under
207,2025,KAN,12,@DAL,-3.0,52.5,"L, 28-31",Lost,Over
208,2025,KAN,13,HOU,-3.5,41.0,"L, 10-20",Lost,Under
209,2025,SDG,1,KAN,3.0,46.5,"W, 27-21",Won,Over
210,2025,SDG,2,@LVR,-3.5,46.5,"W, 20-9",Won,Under
211,2025,SDG,3,DEN,-3.0,45.5,"W, 23-20",Push,Under
212,2025,SDG,4,@NYG,-6.5,43.5,"L, 18-21",Lost,Under
213,2025,SDG,5,WAS,-3.0,47.0,"L, 10-27",Lost,Under
214,2025,SDG,6,@MIA,-4.0,43.5,"W, 29-27",Lost,Over
215,2025,SDG,7,IND,-2.0,48.0,"L, 24-38",Lost,Over
216,2025,SDG,8,MIN,-3.5,44.5,"W, 37-10",Won,Over
217,2025,SDG,9,@TEN,-9.5,43.5,"W, 27-20",Lost,Over
218,2025,SDG,10,PIT,-2.5,44.5,"W, 25-10",Won,Under
219,2025,SDG,11,@JAX,-3.0,44.0,"L, 6-35",Lost,Under
220,2025,SDG,12,LVR,-9.5,40.5,"W, 31-14",Won,Over
221,2025,SDG,13,PHI,2.0,41.5,"W, 22-19",Won,Under
222,2025,RAM,1,HOU,-3.0,43.5,"W, 14-9",Won,Under
223,2025,RAM,2,@TEN,-5.5,41.5,"W, 33-19",Won,Over
224,2025,RAM,3,@PHI,3.0,44.5,"L, 26-33",Lost,Over
225,2025,RAM,4,IND,-3.5,49.5,"W, 27-20",Won,Under
226,2025,RAM,5,SFO,-9.0,45.0,"L, 23-26",Lost,Over
227,2025,RAM,6,@BAL,-7.0,44.5,"W, 17-3",Won,Under
228,2025,RAM,7,@JAX,-3.0,44.0,"W, 35-7",Won,Under
229,2025,RAM,8,NOR,-14.0,44.0,"W, 34-10",Won,Push
230,2025,RAM,9,@SFO,-6.0,49.5,"W, 42-26",Won,Over
231,2025,RAM,10,SEA,-3.0,48.5,"W, 21-19",Lost,Under
232,2025,RAM,11,TAM,-7.0,49.5,"W, 34-7",Won,Under
233,2025,RAM,12,@CAR,-10.0,45.0,"L, 28-31",Lost,Over
234,2025,RAM,13,@ARI,-10.0,48.0,"W, 45-17",Won,Over
235,2025,RAI,1,@NWE,2.5,44.0,"W, 20-13",Won,Under
236,2025,RAI,2,LAC,3.5,46.5,"L, 9-20",Lost,Under
237,2025,RAI,3,@WAS,3.0,43.5,"L, 24-41",Lost,Over
238,2025,RAI,4,CHI,0.0,47.5,"L, 24-25",Lost,Over
239,2025,RAI,5,@IND,7.0,48.0,"L, 6-40",Lost,Under
240,2025,RAI,6,TEN,-4.0,42.0,"W, 20-10",Won,Under
241,2025,RAI,7,@KAN,12.0,45.5,"L, 0-31",Lost,Under
242,2025,RAI,8,JAX,2.5,44.0,"L, 29-30",Won,Over
243,2025,RAI,9,@DEN,9.0,43.0,"L, 7-10",Won,Under
244,2025,RAI,10,DAL,3.5,50.0,"L, 16-33",Lost,Under
245,2025,RAI,11,CLE,-4.0,36.0,"L, 10-24",Lost,Under
246,2025,RAI,12,@LAC,9.5,40.5,"L, 14-31",Lost,Over
247,2025,RAI,13,DEN,8.0,40.5,"L, 17-24",Won,Over
248,2025,MIA,1,@IND,0.0,46.5,"L, 8-33",Lost,Under
249,2025,MIA,2,NWE,-2.0,43.0,"L, 27-33",Lost,Over
250,2025,MIA,3,@BUF,12.0,50.0,"L, 21-31",Won,Over
251,2025,MIA,4,NYJ,-2.5,44.5,"W, 27-21",Won,Over
252,2025,MIA,5,@CAR,-1.0,44.0,"L, 24-27",Lost,Over
253,2025,MIA,6,LAC,4.0,43.5,"L, 27-29",Won,Over
254,2025,MIA,7,@CLE,2.5,35.5,"L, 6-31",Lost,Over
255,2025,MIA,8,@ATL,7.0,44.5,"W, 34-10",Won,Under
256,2025,MIA,9,BAL,7.5,51.0,"L, 6-28",Lost,Under
257,2025,MIA,10,BUF,9.5,50.0,"W, 30-13",Won,Under
258,2025,MIA,11,WAS,-2.5,47.0,"W, 16-13",Won,Under
259,2025,MIA,12,NOR,-5.0,41.5,"W, 21-17",Lost,Under
260,2025,MIA,13,@NYJ,-2.5,41.0,"W, 34-10",Won,Over
261,2025,MIN,1,@CHI,-1.5,43.5,"W, 27-24",Won,Over
262,2025,MIN,2,ATL,-3.0,44.5,"L, 6-22",Lost,Under
263,2025,MIN,3,CIN,-3.0,41.5,"W, 48-10",Won,Over
264,2025,MIN,4,@PIT,-2.5,41.0,"L, 21-24",Lost,Over
265,2025,MIN,5,@CLE,-3.5,35.5,"W, 21-17",Won,Over
266,2025,MIN,6,PHI,1.5,44.0,"L, 22-28",Lost,Over
267,2025,MIN,7,@LAC,3.5,44.5,"L, 10-37",Lost,Over
268,2025,MIN,8,@DET,9.5,48.0,"W, 27-24",Won,Over
269,2025,MIN,9,BAL,4.0,49.0,"L, 19-27",Lost,Under
270,2025,MIN,10,CHI,-3.0,48.0,"L, 17-19",Lost,Under
271,2025,MIN,11,@GNB,6.5,41.5,"L, 6-23",Lost,Under
272,2025,MIN,12,@SEA,12.0,41.5,"L, 0-26",Lost,Under
273,2025,MIN,13,WAS,1.5,44.0,"W, 31-0",Won,Under
274,2025,NWE,1,LVR,-2.5,44.0,"L, 13-20",Lost,Under
275,2025,NWE,2,@MIA,2.0,43.0,"W, 33-27",Won,Over
276,2025,NWE,3,PIT,1.5,44.5,"L, 14-21",Lost,Under
277,2025,NWE,4,CAR,-5.0,43.0,"W, 42-13",Won,Over
278,2025,NWE,5,@BUF,9.0,48.5,"W, 23-20",Won,Under
279,2025,NWE,6,@NOR,-3.5,46.0,"W, 25-19",Won,Under
280,2025,NWE,7,@TEN,-7.0,42.0,"W, 31-13",Won,Over
281,2025,NWE,8,CLE,-7.0,41.0,"W, 32-13",Won,Over
282,2025,NWE,9,ATL,-5.0,45.0,"W, 24-23",Lost,Over
283,2025,NWE,10,@TAM,2.5,48.0,"W, 28-23",Won,Over
284,2025,NWE,11,NYJ,-13.0,43.0,"W, 27-14",Push,Under
285,2025,NWE,12,@CIN,-7.5,50.0,"W, 26-20",Lost,Under
286,2025,NWE,13,NYG,-7.0,46.5,"W, 33-15",Won,Over
287,2025,NOR,1,ARI,6.5,43.5,"L, 13-20",Lost,Under
288,2025,NOR,2,SFO,3.0,40.5,"L, 21-26",Lost,Over
289,2025,NOR,3,@SEA,7.0,41.5,"L, 13-44",Lost,Over
290,2025,NOR,4,@BUF,15.5,47.5,"L, 19-31",Won,Over
291,2025,NOR,5,NYG,-2.0,42.0,"W, 26-14",Won,Under
292,2025,NOR,6,NWE,3.5,46.0,"L, 19-25",Lost,Under
293,2025,NOR,7,@CHI,4.0,45.5,"L, 14-26",Lost,Under
294,2025,NOR,8,TAM,3.5,46.5,"L, 3-23",Lost,Under
295,2025,NOR,9,@LAR,14.0,44.0,"L, 10-34",Lost,Push
296,2025,NOR,10,@CAR,5.5,38.0,"W, 17-7",Won,Under
297,2025,NOR,11,ATL,-2.0,40.0,"L, 10-24",Lost,Under
298,2025,NOR,12,@MIA,5.0,41.5,"L, 17-21",Won,Under
299,2025,NOR,13,@TAM,9.0,41.5,"W, 24-20",Won,Over
300,2025,NYG,1,@WAS,6.0,45.5,"L, 6-21",Lost,Under
301,2025,NYG,2,@DAL,5.5,44.5,"L, 37-40",Won,Over
302,2025,NYG,3,KAN,6.0,44.5,"L, 9-22",Lost,Under
303,2025,NYG,4,LAC,6.5,43.5,"W, 21-18",Won,Under
304,2025,NYG,5,@NOR,2.0,42.0,"L, 14-26",Lost,Under
305,2025,NYG,6,PHI,8.0,40.0,"W, 34-17",Won,Over
306,2025,NYG,7,@DEN,7.5,40.5,"L, 32-33",Won,Over
307,2025,NYG,8,@PHI,7.0,44.0,"L, 20-38",Lost,Over
308,2025,NYG,9,SFO,2.5,48.5,"L, 24-34",Lost,Over
309,2025,NYG,10,@CHI,4.5,46.5,"L, 20-24",Won,Under
310,2025,NYG,11,GNB,7.0,42.0,"L, 20-27",Push,Over
311,2025,NYG,12,@DET,13.0,50.5,"L, 27-34",Won,Over
312,2025,NYG,13,@NWE,7.0,46.5,"L, 15-33",Lost,Over
313,2025,NYJ,1,PIT,2.5,38.0,"L, 32-34",Won,Over
314,2025,NYJ,2,BUF,6.0,47.5,"L, 10-30",Lost,Under
315,2025,NYJ,3,@TAM,6.5,43.0,"L, 27-29",Won,Over
316,2025,NYJ,4,@MIA,2.5,44.5,"L, 21-27",Lost,Over
317,2025,NYJ,5,DAL,1.5,48.0,"L, 22-37",Lost,Over
318,2025,NYJ,6,DEN,7.0,43.5,"L, 11-13",Won,Under
319,2025,NYJ,7,CAR,1.0,41.0,"L, 6-13",Lost,Under
320,2025,NYJ,8,@CIN,6.5,44.5,"W, 39-38",Won,Over
321,2025,NYJ,9,CLE,1.5,37.5,"W, 27-20",Won,Over
322,2025,NYJ,10,@NWE,13.0,43.0,"L, 14-27",Push,Under
323,2025,NYJ,11,@BAL,14.0,44.0,"L, 10-23",Won,Under
324,2025,NYJ,12,ATL,3.0,39.0,"W, 27-24",Won,Over
325,2025,NYJ,13,MIA,2.5,41.0,"L, 10-34",Lost,Over
326,2025,PHI,1,DAL,-8.5,47.5,"W, 24-20",Lost,Under
327,2025,PHI,2,@KAN,-1.0,47.0,"W, 20-17",Won,Under
328,2025,PHI,3,LAR,-3.0,44.5,"W, 33-26",Won,Over
329,2025,PHI,4,@TAM,-3.5,44.0,"W, 31-25",Won,Over
330,2025,PHI,5,DEN,-4.0,43.5,"L, 17-21",Lost,Under
331,2025,PHI,6,@NYG,-8.0,40.0,"L, 17-34",Lost,Over
332,2025,PHI,7,@MIN,-1.5,44.0,"W, 28-22",Won,Over
333,2025,PHI,8,NYG,-7.0,44.0,"W, 38-20",Won,Over
334,2025,PHI,9,@GNB,1.0,45.5,"W, 10-7",Won,Under
335,2025,PHI,10,DET,-3.0,46.5,"W, 16-9",Won,Under
336,2025,PHI,11,@DAL,-3.0,47.5,"L, 21-24",Lost,Under
337,2025,PHI,12,CHI,-7.0,44.0,"L, 15-24",Lost,Under
338,2025,PHI,13,@LAC,-2.0,41.5,"L, 19-22",Lost,Under
339,2025,PIT,1,@NYJ,-2.5,38.0,"W, 34-32",Lost,Over
340,2025,PIT,2,SEA,-3.0,40.0,"L, 17-31",Lost,Over
341,2025,PIT,3,@NWE,-1.5,44.5,"W, 21-14",Won,Under
342,2025,PIT,4,MIN,2.5,41.0,"W, 24-21",Won,Over
343,2025,PIT,5,CLE,-6.0,38.0,"W, 23-9",Won,Under
344,2025,PIT,6,@CIN,-5.5,44.5,"L, 31-33",Lost,Over
345,2025,PIT,7,GNB,3.0,45.5,"L, 25-35",Lost,Over
346,2025,PIT,8,IND,3.0,51.5,"W, 27-20",Won,Under
347,2025,PIT,9,@LAC,2.5,44.5,"L, 10-25",Lost,Under
348,2025,PIT,10,CIN,-5.5,49.0,"W, 34-12",Won,Under
349,2025,PIT,11,@CHI,2.5,46.5,"L, 28-31",Lost,Over
350,2025,PIT,12,BUF,3.0,46.0,"L, 7-26",Lost,Under
351,2025,PIT,13,@BAL,5.5,42.5,"W, 27-22",Won,Over
352,2025,SEA,1,SFO,2.0,43.0,"L, 13-17",Lost,Under
353,2025,SEA,2,@PIT,3.0,40.0,"W, 31-17",Won,Over
354,2025,SEA,3,NOR,-7.0,41.5,"W, 44-13",Won,Over
355,2025,SEA,4,@ARI,-1.5,43.0,"W, 23-20",Won,Push
356,2025,SEA,5,TAM,-3.5,44.5,"L, 35-38",Lost,Over
357,2025,SEA,6,@JAX,0.0,47.5,"W, 20-12",Won,Under
358,2025,SEA,7,HOU,-3.0,41.0,"W, 27-19",Won,Over
359,2025,SEA,8,@WAS,-3.0,48.0,"W, 38-14",Won,Over
360,2025,SEA,9,ARI,-7.0,45.5,"W, 44-22",Won,Over
361,2025,SEA,10,@LAR,3.0,48.5,"L, 19-21",Won,Under
362,2025,SEA,11,@TEN,-12.0,40.5,"W, 30-24",Lost,Over
363,2025,SEA,12,MIN,-12.0,41.5,"W, 26-0",Won,Under
364,2025,SEA,13,@ATL,-6.5,44.0,"W, 37-9",Won,Over
365,2025,SFO,1,@SEA,-2.0,43.0,"W, 17-13",Won,Under
366,2025,SFO,2,@NOR,-3.0,40.5,"W, 26-21",Won,Over
367,2025,SFO,3,ARI,-2.0,45.5,"W, 16-15",Lost,Under
368,2025,SFO,4,JAX,-3.5,46.0,"L, 21-26",Lost,Over
369,2025,SFO,5,@LAR,9.0,45.0,"W, 26-23",Won,Over
370,2025,SFO,6,@TAM,3.0,47.0,"L, 19-30",Lost,Over
371,2025,SFO,7,ATL,-2.0,47.0,"W, 20-10",Won,Under
372,2025,SFO,8,@HOU,2.0,42.0,"L, 15-26",Lost,Under
373,2025,SFO,9,@NYG,-2.5,48.5,"W, 34-24",Won,Over
374,2025,SFO,10,LAR,6.0,49.5,"L, 26-42",Lost,Over
375,2025,SFO,11,@ARI,-3.5,48.5,"W, 41-22",Won,Over
376,2025,SFO,12,CAR,-7.5,50.0,"W, 20-9",Won,Under
377,2025,SFO,13,@CLE,-5.0,35.5,"W, 26-8",Won,Under
378,2025,TAM,1,@ATL,1.0,47.0,"W, 23-20",Won,Under
379,2025,TAM,2,@HOU,2.5,42.5,"W, 20-19",Won,Under
380,2025,TAM,3,NYJ,-6.5,43.0,"W, 29-27",Lost,Over
381,2025,TAM,4,PHI,3.5,44.0,"L, 25-31",Lost,Over
382,2025,TAM,5,@SEA,3.5,44.5,"W, 38-35",Won,Over
383,2025,TAM,6,SFO,-3.0,47.0,"W, 30-19",Won,Over
384,2025,TAM,7,@DET,6.0,53.0,"L, 9-24",Lost,Under
385,2025,TAM,8,@NOR,-3.5,46.5,"W, 23-3",Won,Under
386,2025,TAM,9,NWE,-2.5,48.0,"L, 23-28",Lost,Over
387,2025,TAM,10,@BUF,6.0,46.5,"L, 32-44",Lost,Over
388,2025,TAM,11,@LAR,7.0,49.5,"L, 7-34",Lost,Under
389,2025,TAM,12,ARI,-3.5,44.5,"W, 20-17",Lost,Under
390,2025,TAM,13,NOR,-9.0,41.5,"L, 20-24",Lost,Over
391,2025,TAM,14,ATL,-4.5,44.0,"L, 28-29",Lost,Over
392,2025,OTI,1,@DEN,9.0,42.5,"L, 12-20",Won,Under
393,2025,OTI,2,LAR,5.5,41.5,"L, 19-33",Lost,Over
394,2025,OTI,3,IND,4.5,43.5,"L, 20-41",Lost,Over
395,2025,OTI,4,@HOU,7.0,39.5,"L, 0-26",Lost,Under
396,2025,OTI,5,@ARI,7.5,41.0,"W, 22-21",Won,Over
397,2025,OTI,6,@LVR,4.0,42.0,"L, 10-20",Lost,Under
398,2025,OTI,7,NWE,7.0,42.0,"L, 13-31",Lost,Over
399,2025,OTI,8,@IND,14.5,48.5,"L, 14-38",Lost,Over
400,2025,OTI,9,LAC,9.5,43.5,"L, 20-27",Won,Over
401,2025,OTI,10,HOU,6.0,37.0,"L, 13-16",Won,Under
402,2025,OTI,11,SEA,12.0,40.5,"L, 24-30",Won,Over
403,2025,OTI,12,JAX,6.0,41.5,"L, 3-25",Lost,Under
404,2025,OTI,13,@CLE,3.5,34.0,"W, 31-29",Won,Over
405,2025,WAS,1,NYG,-6.0,45.5,"W, 21-6",Won,Under
406,2025,WAS,2,@GNB,3.5,48.0,"L, 18-27",Lost,Under
407,2025,WAS,3,LVR,-3.0,43.5,"W, 41-24",Won,Over
408,2025,WAS,4,@ATL,1.5,43.5,"L, 27-34",Lost,Over
409,2025,WAS,5,@LAC,3.0,47.0,"W, 27-10",Won,Under
410,2025,WAS,6,CHI,-5.5,49.5,"L, 24-25",Lost,Under
411,2025,WAS,7,@DAL,1.0,54.0,"L, 22-44",Lost,Over
412,2025,WAS,8,@KAN,11.0,48.0,"L, 7-28",Lost,Under
413,2025,WAS,9,SEA,3.0,48.0,"L, 14-38",Lost,Over
414,2025,WAS,10,DET,8.0,49.0,"L, 22-44",Lost,Over
415,2025,WAS,11,@MIA,2.5,47.0,"L, 13-16",Lost,Under
416,2025,WAS,12,DEN,6.0,43.0,"L, 26-27",Won,Over
417,2025,WAS,13,@MIN,-1.5,44.0,"L, 0-31",Lost,Under
